name,country,ceo,foundationYear,revenue
TransAm Depot,Andorra,Robert Harrison,2010,21000000000
Anasagasti,Argentina,John Smith,1911,70000000000
Coradir,Argentina,James Johnson,2020,79000000000
Eniak,Argentina,Jesse Fritz,1983,40000000000
Hamelbot,Argentina,Benjamin Davis,2022,40000000000
IKA,Argentina,Bobby Williams,1956,57000000000
Siam Di Tella,Argentina,Christopher Stafford,1959,75000000000
VOLT,Argentina,Curtis Robinson,2020,80000000000
Bolwell,Australia,Mark Simpson,1962,3000000000
Elfin,Australia,Henry Hill,2006,89000000000
FPV,Australia,Justin Rice,2002,15000000000
Holden,Australia,Jerry Sweeney,1948,33000000000
HSV,Australia,Kevin Edwards,1990,45000000000
Joss,Australia,Kenneth Patel,2004,36000000000
Nota,Australia,Christopher Rich,2002,21000000000
Ralt,Australia,William Montgomery,1974,64000000000
Statesman,Australia,Russell Johnson,1971,77000000000
Austro-Daimler,Austria,Justin Robinson,1909,33000000000
Denzel,Austria,David Evans,1952,6000000000
DEUS,Austria,Scott Acosta,2022,94000000000
Felber,Austria,Robert Butler,1952,64000000000
KTM,Austria,Mark Fitzgerald,2008,52000000000
Magna Steyr,Austria,Troy Howe,2005,13000000000
Steyr,Austria,Jonathan Lopez,1920,18000000000
Steyr-Daimler-Puch,Austria,Derek Freeman,1890,31000000000
Steyr-Fiat,Austria,Kent Adams,1945,86000000000
Steyr-Puch,Austria,Mark Young,1934,95000000000
Tushek,Austria,Steve Payne,2012,52000000000
Delin,Belgium,Benjamin Nguyen,1899,48000000000
FN,Belgium,Jonathan Price,1899,48000000000
Gillet,Belgium,Richard Kidd,1992,12000000000
Home-Car,Belgium,Samuel Brown,1890,62000000000
Krugger,Belgium,John Bailey,1890,52000000000
Minerva,Belgium,Dustin Huang,1902,40000000000
Brasinca,Brazil,Joseph Le,1890,9000000000
Chamonix,Brazil,Robert Williams,1890,48000000000
Emme,Brazil,Kevin Henderson,1996,3000000000
FNM,Brazil,Mr. Charles Watson,1942,32000000000
Gurgel,Brazil,Zachary Fitzpatrick,1969,89000000000
Lobini,Brazil,Anthony Washington,2005,97000000000
Marcopolo,Brazil,Ricky Townsend,1949,41000000000
Miura,Brazil,Robert Mckinney,1977,26000000000
MP Lafer,Brazil,David Davis,1927,65000000000
Puma,Brazil,Jeremy Brown,1966,74000000000
Troller,Brazil,Mark Thompson,1890,16000000000
Acadian,Canada,Adrian Delgado,1962,14000000000
Asüna,Canada,Lawrence Taylor,1993,35000000000
Beaumont,Canada,Cameron Wade,1966,25000000000
Bricklin,Canada,Juan Davies,1974,45000000000
BRP,Canada,Jason Gardner,1890,1000000000
Campagna,Canada,Charles Arroyo,1890,22000000000
Can-Am,Canada,Jermaine Williams,1972,12000000000
Envoy,Canada,Donald Parrish,1890,52000000000
Felino,Canada,Christopher Lopez,2016,42000000000
HTT,Canada,Bryan Ruiz DDS,2010,53000000000
Magnum,Canada,James Wright,1890,72000000000
McLaughlin,Canada,Brian Steele,1908,34000000000
Meteor,Canada,Raymond Buckley,1949,6000000000
Monarch,Canada,Richard Norton,1946,57000000000
Ski-Doo,Canada,Samuel Monroe,1890,54000000000
Tri-Star,Canada,Lance Barajas,1973,14000000000
ZENN,Canada,Robert Liu,1890,84000000000
Aeolus,China,Steven Conley,2016,32000000000
Aeon Motor,China,Victor Davenport,1890,79000000000
Aion,China,Justin Carter,2018,18000000000
AITO,China,Mark Clark,2021,2000000000
AIWAYS,China,Douglas Vasquez,2017,43000000000
Arcfox,China,Miguel Mann,2017,43000000000
Avatr,China,William Reynolds,2022,94000000000
BAIC,China,Steven Parks,1890,33000000000
Baojun,China,Johnny Hines,1890,95000000000
BAW,China,Peter Freeman,1890,24000000000
Beijing,China,David Montgomery,2020,8000000000
Beijing Jeep,China,John Ali,1890,77000000000
Bestune,China,David Jackson,2019,10000000000
Besturn,China,Chad Graham,1890,17000000000
Bio Auto,China,John Bennett,2011,84000000000
Bisu,China,David Johnson,1890,37000000000
Brilliance,China,Hector Villarreal Jr.,2002,35000000000
BYD,China,Raymond Schmidt,2003,21000000000
Byton,China,James Rogers,2017,19000000000
Changan,China,Ryan Collins,1890,18000000000
Changfeng,China,Brandon George,1890,30000000000
Changhe,China,Robert Roberts,1890,30000000000
Chery,China,Andrew Horton,1999,76000000000
CHTC,China,Christopher Padilla,1890,38000000000
Chuanl,China,David Miller,1890,15000000000
Ciimo,China,Larry Mcmillan,2012,18000000000
CMC (CN),China,Michael Lee,1890,89000000000
Costin,China,Bryan Thompson,2021,99000000000
Cowin,China,Albert Cline,1890,16000000000
Dadi,China,Christopher Lucas,1890,69000000000
Denza,China,Douglas Beasley,2015,89000000000
DFSK,China,Joshua Kim,1963,57000000000
Dongfeng,China,Austin Crane,1963,88000000000
Dorcen,China,Anthony Salazar,1963,94000000000
Emgrand,China,Timothy Garcia,2009,11000000000
Englon,China,Jonathan Reid,2010,75000000000
Enovate,China,Ryan Peck,2019,61000000000
Enranger,China,Angel Richardson,1963,79000000000
Everus,China,Gabriel Nelson,1963,50000000000
eπ,China,Paul Stevens,2024,82000000000
Farnova,China,Travis Adams,2022,17000000000
FAW,China,Eduardo Sullivan,1958,8000000000
Fengshen,China,Brandon Warren,1963,24000000000
Fengxing,China,Dustin Ramsey,1963,8000000000
Foday,China,Danny Williams,1956,21000000000
Forthing,China,Dennis Hernandez,2001,3000000000
Foton,China,Richard Murphy,1998,19000000000
GAC,China,Matthew Soto,1956,100000000000
Geely,China,Alexander Rivas,2004,8000000000
Geometry,China,Kevin Fields,2019,68000000000
Gleagle,China,Ray Richards,1956,52000000000
Gonow,China,Daniel Weaver,2003,5000000000
Great Wall,China,Kyle Rogers,1984,54000000000
Hafei,China,Dr. Nathan Lucas DDS,1994,10000000000
Haima,China,Philip Kelly,1992,40000000000
Hanteng,China,Kyle Sheppard,1956,38000000000
Haval,China,Brian Gibson,1956,24000000000
Hawtai,China,Christopher Allen,2003,83000000000
HiPhi,China,Brandon Crawford,1956,94000000000
Hongqi,China,David Moreno,1956,81000000000
Horwin,China,Ray Hall,1953,13000000000
Huanghai,China,Francis Thompson,1986,44000000000
Huansu,China,Micheal Baxter,1989,22000000000
Huasong,China,Anthony Elliott,1983,54000000000
Hybrid Kinetic,China,Anthony Sullivan,2003,79000000000
Hycan,China,Riley Barrett,2019,92000000000
IAT,China,George Branch,2012,1000000000
Icona,China,Paul Shields,2013,97000000000
IM,China,Mr. Bradley Richardson,2022,63000000000
JAC,China,Ryan Higgins,1936,17000000000
Jaecoo,China,Mr. Joseph Velez,2023,19000000000
Jetour,China,Dennis Andersen,2018,73000000000
Jetta,China,Ronnie Montgomery,2019,49000000000
Jiangling,China,Ralph Stephenson,1936,4000000000
Jiangnan,China,Robert Griffin,1938,3000000000
Jianshe,China,Jacob Harris,1947,9000000000
Jinbei,China,Bryan Thomas,1939,40000000000
Jishi,China,Omar Gibson,2024,92000000000
Jiyue,China,Dustin Roman,2023,57000000000
Jonway,China,Manuel Bonilla,1951,85000000000
Kandi,China,Donald Patterson,1952,73000000000
Kawei,China,Ian Barrett,1953,57000000000
Landwind,China,Ronald Tucker,1954,7000000000
Leapmotor,China,Alan Page,1955,28000000000
LeEco,China,Aaron Dudley,1956,62000000000
Li Auto,China,Charles Watson,2019,34000000000
Lifan,China,Philip Watkins,2006,81000000000
Luxeed,China,Donald King,2023,10000000000
LVCHI,China,Matthew Richardson,1957,84000000000
Lynk & Co,China,Jacob Graham,2002,75000000000
Maxus,China,Jeffrey Arroyo,2001,75000000000
MEV,China,Kevin Payne,2011,67000000000
Neta,China,Jesse Wagner,2018,65000000000
NIO,China,Shane Obrien,1956,55000000000
Omoda,China,Robert Johnson,2022,31000000000
Onvo,China,David Garcia,2015,99000000000
ORA,China,Daniel Martinez,2019,56000000000
Qiantu,China,John Pennington,2017,90000000000
Qiteng,China,Eric Barrett,1958,40000000000
Qoros,China,Sean Rodriguez,2014,80000000000
Radar,China,Carl Peck,2022,61000000000
Ranz,China,Scott Yu,1961,54000000000
Rely,China,Jesus Hutchinson,1957,90000000000
Riich,China,Kyle Turner,1963,94000000000
Roewe,China,Charles Hill,1964,43000000000
SAIC,China,Richard Buckley,2011,71000000000
Sanyou,China,Juan Harrison,1965,12000000000
Sehol,China,Joshua Jones,2020,51000000000
Senova,China,Michael Nelson,1966,30000000000
Seres,China,Travis Curry,2020,88000000000
Shuanghuan,China,Erik Johns,2016,69000000000
Silverstone,China,Gabriel Maxwell,1932,18000000000
Sinogold,China,Aaron Nelson,2018,23000000000
Sinski,China,Robert Castillo,1923,90000000000
Skywell,China,Andres Rodriguez,2015,39000000000
SMA,China,Dominic Morgan,2006,33000000000
SOL,China,Joseph Nguyen,2018,70000000000
Soueast,China,Douglas Rubio,2017,21000000000
SWM,China,Ian Edwards,2006,68000000000
T-King,China,Christopher Berry,2005,71000000000
Techrules,China,Paul Calhoun,2016,8000000000
TMS,China,Randall Harvey,1999,78000000000
Traum,China,Jesse Reed,1998,68000000000
Trumpchi,China,Gary Tucker,2015,81000000000
UGBEST,China,James Williams,2008,9000000000
Venucia,China,Shawn Perkins,2009,51000000000
Voyah,China,Mr. Robert Rogers,2022,26000000000
Weiwang,China,Dustin Turner,2010,60000000000
Wey,China,Shawn Meadows,2011,90000000000
Wuling,China,Jerome Mendez,2005,99000000000
Xiali,China,Cameron Miller,1986,21000000000
Xiaomi,China,Tony Martin,2024,72000000000
XPENG,China,Steve Hatfield,2018,49000000000
Yangwang,China,Drew West,2023,86000000000
Yema,China,Christopher Ramirez,1937,65000000000
Youngman Lotus,China,Daniel Blair,1978,39000000000
Zedriv,China,Brian Schwartz,2020,85000000000
Zeekr,China,Kevin Jackson,2021,5000000000
Zhidou,China,Nicholas Simmons,2009,69000000000
Zhongyu,China,Robert Wall,2018,76000000000
Zinoro,China,Jeremy Wright,1936,93000000000
ZNA,China,Mark Wilson,1978,100000000000
Zotye,China,Bradley Thornton,2005,96000000000
ZX,China,Robert Salazar,1896,66000000000
Rimac,Croatia,Thomas Ramirez,2013,9000000000
Aero,Czech Republic,Mark Michael,1929,57000000000
Jawa,Czech Republic,Colin Medina,1929,79000000000
Kaipan,Czech Republic,Jose Ray,1997,26000000000
Laurin & Klement,Czech Republic,Jeremy Russell,1905,98000000000
MTX,Czech Republic,Bruce Phillips,1934,62000000000
Praga,Czech Republic,Seth Young,1947,66000000000
Tatra,Czech Republic,Charles Hutchinson DVM,1948,19000000000
Škoda,Czech Republic,David Morales,1934,16000000000
Kleemann,Denmark,Timothy Santiago,1985,80000000000
Zenvo,Denmark,Anthony Sandoval,2009,5000000000
Nobe,Estonia,Christopher Nicholson,2018,73000000000
TARK,Estonia,Chad Riley,1958,84000000000
Elcat,Finland,David Brown,1985,37000000000
Solifer,Finland,Derek Williams,1930,12000000000
Tamlans,Finland,Gary Petersen,1963,19000000000
Toroidion,Finland,Elijah Berg,2015,66000000000
Aixam-Mega,France,Michael Barnett,1993,33000000000
Alpine,France,Donald Contreras,1955,94000000000
Amilcar,France,Brandon Walters,1922,27000000000
Automobiles Grégoire,France,Peter Williams,1904,60000000000
Avions Voisin,France,Tracy Miller,1919,85000000000
Ballot,France,James Campbell,1929,94000000000
Bellanger,France,Bradley Bailey,1909,74000000000
Bellier,France,Edward Rodriguez,1980,35000000000
Beltoise,France,Jason Rodriguez,1926,23000000000
Berliet,France,Stephen Wright,1900,88000000000
Bolloré,France,Bryan Walters,2011,27000000000
Brasier,France,David Johnson,2015,57000000000
Bucciali,France,Jordan Wong,1922,37000000000
Bugatti,France,Taylor Shields,1910,71000000000
CGV,France,Craig Mullins,1897,9000000000
Challenger,France,James Wilson,1914,10000000000
Charron,France,Mr. Manuel Wilson,1892,45000000000
Chatenet,France,Michael Russell,1942,36000000000
Chenard-Walcker,France,Lawrence Rodriguez,2019,69000000000
Chipie,France,Brandon Williams,1962,76000000000
Citroën,France,Glenn Rush,1919,97000000000
Clément & Cie,France,Bobby Lopez,1912,1000000000
Clément-Bayard,France,Colin Hernandez,1936,80000000000
Corre La Licorne,France,Gary Holmes,1901,57000000000
Cottin & Desgouttes,France,Joshua Holt,2010,5000000000
Cournil,France,Tyrone Vincent,1954,23000000000
Darracq,France,Gary Williams,1896,22000000000
De Dietrich,France,Michael Jimenez,1898,41000000000
De Dion-Bouton,France,Jerry Burns,1991,82000000000
De La Chapelle,France,Cameron Hernandez,1927,30000000000
Delage,France,Michael Hebert,1918,22000000000
Delahaye,France,Michael Nelson,1933,37000000000
Devaliet,France,Gregory Moran,2019,51000000000
Devalliet,France,Richard Wilson,2019,77000000000
DS,France,Matthew Morgan,2015,75000000000
Eon Motors,France,Bruce Hanna,2014,90000000000
Exagon,France,Jose Green,2013,10000000000
Facel Vega,France,Calvin Simmons,1954,32000000000
Gardner-Serpollet,France,Matthew Reyes,1896,93000000000
Genty,France,Christopher Robinson,2015,60000000000
Gobron-Brillié,France,Timothy Livingston Jr.,1898,38000000000
Goupil,France,Allen Bryan,1996,36000000000
Hommell,France,Justin Torres,1990,95000000000
Hopium,France,Robert Kane,2019,100000000000
Hotchkiss,France,James Andrade,1903,18000000000
Hurtu,France,Andrew Adams,1896,87000000000
Irisbus,France,John Welch,2003,62000000000
JDM,France,Gregory Smith,1981,46000000000
Le Voyageur,France,Alexander Vazquez,1983,25000000000
Ligier,France,David Edwards,1969,17000000000
Mathis,France,David Greene,1894,93000000000
Matra,France,Jake Caldwell,1962,72000000000
Microcar,France,Joseph James,1912,57000000000
Mobilize,France,Brian Avery,2021,95000000000
Mors,France,Michael Jackson,1895,68000000000
Motobloc,France,Francisco Alvarado,2017,51000000000
NamX,France,Daniel Austin,2022,79000000000
Panhard,France,Eric Gonzales,1896,35000000000
Pantore,France,Tyler Murray,2016,4000000000
Peugeot,France,Michael Sloan,1932,63000000000
PGO,France,Robert Cooke,1980,51000000000
Rally,France,Paul Huynh,1921,67000000000
Renault,France,Wesley Bush,1898,63000000000
Renault Trucks,France,Matthew Mckenzie,1978,38000000000
Rochet-Schneider,France,Matthew Wilson,1980,32000000000
Roller Team,France,Brent Moreno,2006,50000000000
S.A.R.A.,France,Keith Ford,1922,23000000000
Salmson,France,Matthew Montes,2017,74000000000
Secma,France,David Clark,1995,72000000000
Simca,France,Joseph Hansen,1936,54000000000
Talbot,France,Jerry Sawyer,1981,96000000000
Trigano,France,Paul Burns,1905,6000000000
Unic,France,Eric Bird,1970,82000000000
Vehixel,France,Colin Castro,2003,44000000000
Venturi,France,Joseph Guzman,1991,4000000000
Vespa,France,Matthew Garcia,1988,10000000000
Aaglander,Germany,Paul Mullins,2004,48000000000
ABT,Germany,John Montoya,1904,90000000000
AC Schnitzer,Germany,Wayne Jones MD,1987,53000000000
Adler,Germany,Matthew Lawrence,1900,38000000000
AGA,Germany,Scott Mccormick,1919,74000000000
ALPINA,Germany,Charles Roth,1975,25000000000
Amphicar,Germany,John Gutierrez,1961,27000000000
Apollo,Germany,Roy Wagner,2016,31000000000
Arden,Germany,Kenneth Thornton,1976,15000000000
Artega,Germany,Joseph Torres,2009,81000000000
Audi,Germany,Daniel Woods,1965,78000000000
Auto Union,Germany,Matthew Maddox,1958,52000000000
Automobili Pininfarina,Germany,David Harmon MD,2020,17000000000
AWZ,Germany,Ian Norris II,1949,83000000000
Barkas,Germany,Joseph Morris,1961,43000000000
Benz,Germany,Mark Wilson,1886,87000000000
Bieber,Germany,Bruce Johnson,1970,69000000000
BINZ,Germany,Ruben Moore,1964,97000000000
Bitter,Germany,Jesus Vargas,1973,76000000000
BMW,Germany,Thomas Taylor,1927,15000000000
Borgward,Germany,Steven Johnson,1938,90000000000
Brabus,Germany,Michael Oneill,1977,12000000000
Brennabor,Germany,Kevin Juarez,1901,94000000000
Carlsson,Germany,Michael Warner,1959,37000000000
Champion,Germany,Javier Ford,1946,1000000000
Concorde,Germany,Edward Powell,2011,85000000000
Daimler MG,Germany,William Tate,1890,7000000000
Davis,Germany,James Alvarez,1947,21000000000
DKW,Germany,Kevin Buchanan,1931,31000000000
EDAG,Germany,William Scott,2019,78000000000
Edo Competition,Germany,Jason Young DVM,1995,4000000000
EMW,Germany,Richard Russell,1952,75000000000
Eura Mobil,Germany,Michael Diaz,1969,99000000000
Fendt,Germany,Edward Rose,2015,38000000000
Frankia,Germany,Ryan Nguyen,2006,30000000000
Frazer Nash-BMW,Germany,Brian Lee,1934,39000000000
Fuldamobil,Germany,Stephen Foster,1950,23000000000
G-Power,Germany,Andrew Grant,1886,72000000000
Gemballa,Germany,Matthew Wells,1981,53000000000
Glas,Germany,Joshua Hall,1955,93000000000
Goliath,Germany,Matthew Brown,1950,97000000000
GSC,Germany,Christopher Oliver,2012,80000000000
Gumpert,Germany,Mason Moyer,2005,4000000000
Gumpert AIWAYS,Germany,Anthony Castillo,2019,11000000000
Gutbrod,Germany,Jesse York,1926,48000000000
Hamann,Germany,Zachary Solomon,1986,88000000000
Hanomag,Germany,Carlos Edwards,1927,41000000000
Hanomag-Henschel,Germany,Daniel Hull,1969,7000000000
Hansa,Germany,Joseph Gonzalez,1921,17000000000
Hartge,Germany,Keith Walton,2017,71000000000
Hehn Mobil,Germany,Eric Smith,1976,7000000000
HEICO,Germany,Jeremy Davis,1999,39000000000
Heinkel,Germany,Michael Hill,1956,60000000000
Henschel,Germany,Andre Vega,1925,44000000000
Hoffmann,Germany,Victor Ward,1988,37000000000
Horch,Germany,Evan Hill,1904,21000000000
IFA,Germany,Mark Johnson,1949,12000000000
Isdera,Germany,Brian Bailey,1969,16000000000
Karabag,Germany,Billy Schmidt,1931,67000000000
Kleinschnittger,Germany,Donald Murphy,1936,12000000000
Lloyd,Germany,Jacob Anderson,1888,66000000000
LMC Caravan,Germany,Thomas Miller,1907,85000000000
Lorinser,Germany,Chad Scott,1936,68000000000
Lumma Design,Germany,Kevin Edwards,1966,46000000000
Magirus,Germany,Jeffrey Weaver,2000,94000000000
Magirus-Deutz,Germany,Juan Cox,1967,45000000000
Mako,Germany,Terry Chambers,2021,40000000000
Malibu,Germany,Adam Martinez,1958,62000000000
MAN,Germany,Shawn Mcgee,1915,56000000000
MANHART,Germany,Jose Gonzales,2011,90000000000
Mansory,Germany,James Vaughn,1893,52000000000
Maybach,Germany,James Daniel,2002,80000000000
Meier,Germany,Charles Silva,1958,42000000000
Melkus,Germany,Jacob Ruiz,1959,37000000000
Mercedes,Germany,Raymond Montoya,1900,26000000000
Mercedes-Benz,Germany,William Hunter,1926,80000000000
Mercedes-Simplex,Germany,William Wright,1902,2000000000
Merkur,Germany,Brian Fernandez,1985,95000000000
Messerschmitt,Germany,Ronald Rodriguez,1953,52000000000
Meyra,Germany,Thomas Lin,1948,45000000000
Morelo,Germany,Eric Ferguson,2010,17000000000
MTM,Germany,Anthony Green,1990,93000000000
Neckar,Germany,Blake Munoz,1957,18000000000
Next.e.GO,Germany,David Rivera,2015,9000000000
Niesmann+Bischoff,Germany,James Schwartz,1965,39000000000
Nobel,Germany,Michael Cooper,1958,41000000000
Novitec,Germany,Daniel Cameron,1989,20000000000
NSU,Germany,Marcus Parker,1958,53000000000
NSU-Fiat,Germany,Michael Gregory,1934,76000000000
Oettinger,Germany,James Church,1993,99000000000
Opel,Germany,Chris Lopez,1924,69000000000
PhoeniX,Germany,Steven Wolfe,1998,77000000000
Pogea Racing,Germany,Brent Barker,1892,19000000000
Pollmann,Germany,James Arnold,1926,13000000000
Porsche,Germany,Carlos Montgomery,1950,98000000000
Roding,Germany,Samuel Tanner,1894,40000000000
Rometsch,Germany,Christopher Gomez,1924,88000000000
RUF,Germany,Mr. Scott Dalton,1995,29000000000
Selve,Germany,Thomas Gordon,1919,48000000000
Share2Drive,Germany,Jeff Powers,2019,42000000000
Simson,Germany,Kevin Snyder,2001,88000000000
Sin Cars,Germany,Larry Castillo,2015,27000000000
Smart,Germany,Joseph Robertson,1998,80000000000
STARTECH,Germany,Mr. Christopher Edwards,1999,42000000000
Sunlight,Germany,Anthony Jackson,2006,43000000000
TEC,Germany,Daniel Perez,1971,19000000000
TechArt,Germany,Jason Martinez,2009,44000000000
Trabant,Germany,Joel King,1957,93000000000
Veritas,Germany,Justin Norton,1949,6000000000
Volkswagen,Germany,Mr. Lawrence Reilly,1938,53000000000
Wanderer,Germany,Alan Zimmerman,1903,34000000000
Wartburg,Germany,Daniel Brown,1956,23000000000
Westfalia Mobil,Germany,Hayden English,1985,45000000000
Wiesmann,Germany,Jesse Clayton,2003,48000000000
Yes!,Germany,Kenneth Vazquez,1926,55000000000
Zender,Germany,Stanley Meza,1929,69000000000
Zündapp,Germany,Christopher Young,1903,83000000000
9FF,Germany,Derrick Paul,2004,36000000000
Cobera,Hungary,Richard Garza,2018,55000000000
DC Design,India,Aaron Wilson,1956,47000000000
Force,India,Erik Diaz,1934,83000000000
Hindustan,India,Albert Holloway,1942,87000000000
Mahindra,India,Shane Smith,2002,99000000000
Maruti,India,Jose Perez,1908,73000000000
Premier,India,Steve Hughes DDS,1964,4000000000
Tata,India,Austin Powell,1994,37000000000
IKCO,Iran,Michael Ellis,2003,48000000000
Saipa,Iran,John Hall,1968,53000000000
City Transformer,Israel,Thomas Fleming,2017,69000000000
Sabra,Israel,Kelly Rodriguez,1960,4000000000
Sussita,Israel,Robert Fuller,1961,14000000000
AAC,Italy,Kevin Ross,1942,13000000000
Abarth,Italy,Robert Lee,1962,82000000000
Alfa Romeo,Italy,Andrew Jenkins,1910,5000000000
Allemano,Italy,Andrew Brown,1928,68000000000
ASA,Italy,David Hunter,1980,56000000000
Atala,Italy,Bradley Hudson,2018,22000000000
ATS,Italy,Keith Norman,2020,87000000000
Autobianchi,Italy,Matthew Stark,1957,85000000000
Autostudi,Italy,Jeremy Williams,1901,54000000000
B Engineering,Italy,David Johnson,2021,100000000000
Balbo,Italy,William Mcbride,1914,1000000000
Bandini,Italy,Timothy Barrett,1955,22000000000
Bertone,Italy,Jeremy Hernandez MD,1912,67000000000
Bimota,Italy,Mr. Daniel Charles,1973,49000000000
Bizzarrini,Italy,Harry Lane,1965,53000000000
Boano,Italy,Richard Sullivan,1955,85000000000
Boneschi,Italy,Ralph Castillo,1919,24000000000
Caravans International,Italy,Robert Clark,2001,75000000000
Casalini,Italy,Steven Arias,1969,56000000000
Castagna,Italy,Timothy Sanchez,1939,93000000000
Ceirano,Italy,Joseph Foster,1982,2000000000
Cisitalia,Italy,Jason Ortiz,1927,20000000000
Cizeta,Italy,Michael Leonard,1991,17000000000
Colli,Italy,Sean Contreras,1931,51000000000
Corbellati,Italy,Vincent Callahan,2013,54000000000
Covin,Italy,Stephen Thompson,1908,64000000000
Dallara,Italy,Richard Wilson,2017,75000000000
De Tomaso,Italy,Timothy Jones,1964,53000000000
Diatto,Italy,James Frost,1909,34000000000
DR,Italy,Jose Castaneda,2006,8000000000
Elnagh,Italy,Brian Harris,2010,42000000000
Estrema,Italy,Adrian Arias,2023,96000000000
Ferrari,Italy,Timothy Riley,1947,73000000000
Fiat,Italy,Joseph Palmer,1919,53000000000
Fornasari,Italy,Jaime Odonnell,2011,96000000000
Francis Lombardi,Italy,James Noble,1947,69000000000
Garavini,Italy,Derek Holmes,1908,58000000000
GFG Style,Italy,Bryan Jackson,2018,40000000000
Ghia,Italy,Trevor Reyes,1961,42000000000
Giottiline,Italy,Mr. Jason Green,1914,34000000000
Grecav,Italy,Joseph Wood,2000,51000000000
I.DE.A,Italy,William Aguilar,1988,76000000000
Innocenti,Italy,Jeffrey Meyer,1960,54000000000
Innocenti Scooter,Italy,Thomas Kemp,1971,41000000000
Intermeccanica,Italy,Steven Tanner,1960,28000000000
Iso,Italy,Clifford Dixon,1962,55000000000
Isotta Fraschini,Italy,Christian Barton,1924,46000000000
Italdesign,Italy,Christopher Church,1968,72000000000
Iveco,Italy,Michael Thomas,1940,66000000000
Iveco Bus,Italy,Paul Murphy,2013,29000000000
Lamborghini,Italy,John Clark,1964,72000000000
Lancia,Italy,Bradley Burke,1908,47000000000
Lombardi,Italy,Joseph Winters,1947,7000000000
Maserati,Italy,Donald Reynolds,1947,10000000000
Mazzanti,Italy,Derek Greene,2013,29000000000
McLouis,Italy,Eugene Torres,1919,91000000000
Micro-Vett,Italy,David Wall,1986,43000000000
Mobilvetta,Italy,Sean Snow,1988,97000000000
Moretti,Italy,John Li,2014,17000000000
O.S.C.A.,Italy,Gary Brown,1888,11000000000
OSI,Italy,Johnathan Bryan,1960,3000000000
Pagani,Italy,Daniel Anderson,1999,35000000000
Pininfarina,Italy,Dylan Bradley,1983,68000000000
Puritalia,Italy,Christian Malone,1939,97000000000
Qvale,Italy,William Spence,2000,62000000000
Rimor,Italy,Tommy Barnes,1978,36000000000
Savio,Italy,James Spencer,1919,8000000000
Sharky,Italy,Matthew Butler,1983,84000000000
Siata,Italy,Steven Lewis,1953,24000000000
Stabilimenti Farina,Italy,Brent Schmidt,1906,45000000000
SVS,Italy,Jon Griffin,2007,67000000000
Tazzari,Italy,Christopher Jones,2009,86000000000
Touring Superleggera,Italy,Juan Ramos,1926,12000000000
Vignale,Italy,Joshua Johnson,1946,91000000000
Viotti,Italy,Joshua Hart,1921,38000000000
Zagato,Italy,Joseph Murray,1919,87000000000
Aspark,Japan,Oscar Wood,2003,90000000000
Autobacs,Japan,John Kerr,2001,43000000000
Autozam,Japan,Mr. John Evans,1989,86000000000
Daihatsu,Japan,William Brock,1957,97000000000
Datsun,Japan,Brett Bowman,1930,52000000000
Eunos,Japan,Blake Montgomery,1989,10000000000
GLM,Japan,Ryan Howell,1998,5000000000
Hino,Japan,Andre Frey,1942,92000000000
Honda,Japan,Michael Frost,1949,65000000000
Infiniti,Japan,Steven Davenport,1989,70000000000
Isuzu,Japan,Curtis Pope,1963,74000000000
Ken Okuyama Design,Japan,Bryan Francis,2024,38000000000
Lexus,Japan,Zachary Lewis,1989,36000000000
Mazda,Japan,Paul Smith,1970,92000000000
Mitsubishi,Japan,Peter Coleman,1969,91000000000
Mitsubishi Fuso,Japan,Craig Medina,2005,12000000000
Mitsuoka,Japan,Anthony Jackson DVM,1996,51000000000
Nissan,Japan,Jason Meyer,1951,37000000000
Ohta,Japan,Matthew Ali,1922,47000000000
Sony,Japan,Edward Bradford,2020,47000000000
Subaru,Japan,Robert Dennis,1984,20000000000
Suzuki,Japan,Roger Dunlap,1969,30000000000
Top Secret,Japan,Christopher Walters,1993,51000000000
Toyota,Japan,Ruben Young,1936,37000000000
ɛ̃fini,Japan,Franklin Hayes,1991,85000000000
Baltijas Džips,Latvia,Michael Mcdonald,1997,62000000000
Dartz,Latvia,Larry Simpson,2008,23000000000
Ford-Vairogs,Latvia,David Price,1937,49000000000
OSC,Latvia,Steven Mercado,2003,95000000000
RAF,Latvia,Christopher Cummings,2024,52000000000
REAF,Latvia,John Lee,1947,65000000000
NanoFlowcell,Liechtenstein,Mr. Dylan Chapman,2014,48000000000
Altas,Lithuania,Jerry Hoffman,2002,66000000000
Forveda,Lithuania,Alexander Meyer,2013,47000000000
Bufori,Malaysia,Kenneth Freeman,1986,79000000000
Perodua,Malaysia,Jeffrey Stone,1994,83000000000
Proton,Malaysia,Edward Krause,1985,20000000000
Inferno,Mexico,Dr. Kenneth Kerr DVM,2022,94000000000
Mastretta,Mexico,Shawn Haynes,2012,53000000000
VUHL,Mexico,Arthur Rodriguez,1984,3000000000
Monte Carlo,Monaco,Donald Gould,1950,80000000000
Laraki,Morocco,Jonathan Davis,2002,70000000000
Burton,Netherlands,Edward Bates,1998,50000000000
Carver,Netherlands,Jorge Berger,2007,100000000000
DAF,Netherlands,Allen Frey,1958,6000000000
Donkervoort,Netherlands,David Foster,1978,53000000000
Lightyear,Netherlands,Rodney Garrett,2020,64000000000
PAL-V,Netherlands,Michael Stanley,1915,22000000000
Shell,Netherlands,Christopher Wilson,2007,71000000000
Spyker,Netherlands,Matthew Vargas II,2001,56000000000
Vencer,Netherlands,Kyle Stevens,2015,97000000000
Hulme,New Zealand,Brian Watson,2009,7000000000
Innoson,Nigeria,William Moore,2007,69000000000
Kewet,Norway,Henry Moore,1991,98000000000
Vest,Norway,Allen Henson MD,1965,93000000000
Adam,Pakistan,Casey Buckley,2005,15000000000
Arrinera,Poland,Richard Thomas,2016,78000000000
FSO,Poland,Adam Gregory,1951,3000000000
KHM,Poland,Alvin Williams,2016,81000000000
Leopard,Poland,David Johnson,2005,61000000000
Mikrus,Poland,Nicolas Doyle,1919,19000000000
MMI,Poland,Brian Schultz,1886,85000000000
Stoewer,Poland,Thomas Weber,1901,89000000000
Varsovia,Poland,Roger Fields,1936,31000000000
Irmãos Mota,Portugal,Timothy Stein,1980,89000000000
UMM,Portugal,Steven Hunter,1949,86000000000
Aro,Romania,Matthew Maxwell,2012,2000000000
Dacia,Romania,Aaron Gonzalez,1968,15000000000
Oltcit,Romania,William Williams,1957,93000000000
Aurus,Russia,Justin Hoover,2019,97000000000
Derways,Russia,Bryan Cooper,1953,56000000000
Doninvest,Russia,Gary Coleman,1942,21000000000
GAZ,Russia,Austin Villanueva,1932,82000000000
IMZ,Russia,Randall Henderson,1941,97000000000
Izh,Russia,Hector Williams,1953,51000000000
KAvZ,Russia,Kenneth Hebert,1958,97000000000
Lada,Russia,Paul Madden,1973,37000000000
Marussia,Russia,Paul Holland,2010,99000000000
Moskvich,Russia,Anthony Brown,2001,18000000000
PAZ,Russia,Joseph Johnston,1930,1000000000
Russo-Balt,Russia,Nathan Moore,1909,21000000000
SeAZ,Russia,Vincent Hammond,1928,79000000000
SMZ,Russia,Christian Hicks,1952,69000000000
TagAZ,Russia,Curtis Roberts,1913,88000000000
TMZ,Russia,Timothy Hart,1957,41000000000
UAZ,Russia,Cody George,1966,84000000000
UralZIS,Russia,Malik Tran,1941,3000000000
VAZ,Russia,Stephen Walton,1890,46000000000
VIS,Russia,Michael Kennedy,1991,2000000000
Vortex,Russia,Anthony Sanchez,1989,77000000000
VPMZ,Russia,Joseph Roth,1957,76000000000
ZiL,Russia,Travis Ross,1936,16000000000
ZiS,Russia,Matthew Medina,1924,83000000000
FENIKSBUS,Serbia,Antonio Murray,2010,45000000000
Yugo,Serbia,Samuel Martinez,1985,7000000000
Zastava,Serbia,Chris Howard,1955,30000000000
Vanda Electrics,Singapore,Thomas Heath,2017,15000000000
Rošero,Slovakia,Bradley Jimenez,2004,37000000000
AS Domžale,Slovenia,Shawn Villa,1991,7000000000
Bravia-Mobil,Slovenia,John Carter,1898,13000000000
Shayton,Slovenia,Richard Cisneros,2021,63000000000
Barnard,South Africa,Rodney Meyer,2015,80000000000
CAV,South Africa,Tyler Barnes,2000,83000000000
Ranger,South Africa,Todd Dawson,1968,63000000000
Alpheon,South Korea,Sean Holloway,2002,54000000000
Asia,South Korea,John Glass,1990,17000000000
Daewoo,South Korea,Charles Murphy,1972,92000000000
Genesis,South Korea,Gabriel Nielsen,2017,36000000000
Hyosung,South Korea,Jared Hubbard,1968,33000000000
Hyundai,South Korea,Miguel Luna,1968,47000000000
KGM,South Korea,Brandon House,2023,2000000000
Kia,South Korea,Leroy Huynh,1986,19000000000
Oullim,South Korea,Lee Moreno,1981,61000000000
Renault Samsung,South Korea,Brian Hartman,1998,47000000000
SsangYong,South Korea,Frederick Phillips,1983,60000000000
Abadal,Spain,Patrick Waters,1912,5000000000
Applus+ IDIADA,Spain,Jason Mitchell,1917,6000000000
Aspid,Spain,Todd Sweeney,1985,53000000000
Baltasar,Spain,Henry Rangel,2022,92000000000
Bengala,Spain,John Grant,2016,9000000000
CUPRA,Spain,Gregory Newton,2018,97000000000
Elizalde,Spain,Jeremiah Hooper,1914,31000000000
Ferqui,Spain,Mr. Brandon Oconnor,1957,6000000000
GTA Motor,Spain,Eugene Washington,2012,22000000000
Hispano-Suiza,Spain,Randall Griffin,1904,9000000000
Hurtan,Spain,Jonathan Jenkins,1946,58000000000
IFR Automotive,Spain,James Walton,2009,58000000000
Indcar,Spain,Jared King,1936,88000000000
Pegaso,Spain,David Foley,1951,77000000000
Santana,Spain,Michael Gill,2019,37000000000
SEAT,Spain,Zachary Lee,1963,50000000000
Silence,Spain,Paul Moore,2011,14000000000
Tauro,Spain,Duane Guzman,2012,83000000000
Tramontana,Spain,James Martin,1951,99000000000
UNVI,Spain,Michael Porter,1995,8000000000
Vega,Sri Lanka,Jonathan Thomas,2020,66000000000
Bodin,Sweden,Jeffrey Wu,2001,16000000000
Cabby,Sweden,Donald Thomas MD,1967,29000000000
Caresto,Sweden,Ryan Chase,1996,75000000000
ECar,Sweden,Lucas Mann,2010,45000000000
Ecoist,Sweden,Tyler Guerra,1896,82000000000
ERL,Sweden,Matthew Mcclure,1948,81000000000
EV Adapt,Sweden,Tyler Gonzalez,2009,51000000000
Fram-King,Sweden,Jason Le,1957,6000000000
Hugos,Sweden,Chad Smith,1997,95000000000
Jösse Car,Sweden,Peter Martinez,1997,4000000000
Kalmar Verkstad,Sweden,Justin Smith,1993,53000000000
Koenigsegg,Sweden,James Kemp,2002,50000000000
KVAB,Sweden,Brian Thompson,1967,3000000000
Lusitano,Sweden,Alejandro Flores,2018,71000000000
Luvly,Sweden,Omar Schroeder,2023,5000000000
NEVS,Sweden,Samuel Young,1995,81000000000
Nilsson,Sweden,James Hall,1961,75000000000
Nordic,Sweden,Robert Oconnor,1943,97000000000
Phantom,Sweden,Tyler Harrell,2000,48000000000
Polar,Sweden,Jeffrey Levine,1900,27000000000
Polestar,Sweden,Tyler Burton,1962,14000000000
Pössl,Sweden,David Poole,2002,95000000000
RGNT,Sweden,Todd Gutierrez,2019,68000000000
Saab,Sweden,Adam Flowers,1950,98000000000
Suecia,Sweden,Austin Patterson,1927,93000000000
Swebe,Sweden,Mr. Brandon Perez,1947,35000000000
Thulin,Sweden,Arthur Collins,1920,18000000000
UNO,Sweden,Craig Thompson,2023,74000000000
Vabis,Sweden,Bryan Oneill,1903,15000000000
VB Automotive,Sweden,Christopher Mills,2014,24000000000
Volvo,Sweden,Daniel Grimes,1927,24000000000
Albar,Switzerland,Jonathan Banks,1939,2000000000
dÄHLer,Switzerland,Cody Stone,1965,68000000000
FAB Design,Switzerland,Jeremy Thomas,1944,14000000000
Kyburz,Switzerland,Timothy Lewis,1996,70000000000
Micro,Switzerland,Steven Cline,2016,6000000000
Minelli,Switzerland,Anthony Dyer,1902,52000000000
Monteverdi,Switzerland,Ronald Morales,1967,92000000000
Piëch,Switzerland,Charles Knapp,2017,67000000000
Rinspeed,Switzerland,Jeffrey Norris,1927,6000000000
Sbarro,Switzerland,Stephen Bender,1971,34000000000
Weber,Switzerland,William Jones,1958,52000000000
Worblaufen,Switzerland,Kevin Austin,1929,24000000000
Yaxa,Switzerland,Brian Russell,1912,91000000000
Access Motor,Taiwan,Nicholas Moore,1895,59000000000
Adly,Taiwan,Brent Miller,1983,62000000000
CPI Motor,Taiwan,Brett Williams,1956,65000000000
EVT,Taiwan,Christopher Morris,1933,22000000000
Foxtron,Taiwan,Jay Smith,2021,11000000000
Luxgen,Taiwan,Harold Jones,1948,86000000000
Thunder Power,Taiwan,Joseph Hansen,2004,72000000000
Yulon,Taiwan,Tyler Cook,1908,81000000000
Thai Rung,Thailand,Eugene Porter,1979,18000000000
Wallys,Tunisia,Kenneth Elliott,2008,48000000000
Anadol,Turkey,Timothy Reed,1966,6000000000
Tekaydinlar,Turkey,Eric Wells,1996,80000000000
Tofaş,Turkey,Justin Estrada,1936,62000000000
Togg,Turkey,Mr. David Johnson DVM,2023,48000000000
Devel,UAE,Terry Bates,2013,24000000000
Iconiq Motors,UAE,Timothy Lawson,2016,54000000000
Jannarelly,UAE,Alfred Walls,1891,8000000000
W Motors,UAE,Jeffrey Costa,2013,46000000000
Zarooq Motors,UAE,Douglas Williams,1911,82000000000
AC Cars,UK,Gregory Jones,1904,53000000000
AEC,UK,Andre Graham,1912,32000000000
Aeon,UK,Elijah Huynh,1930,19000000000
AJS,UK,Dillon Stephens,1997,70000000000
Albion,UK,Michael Wagner,1961,30000000000
Allard,UK,Daniel Russo,1937,76000000000
Alldays & Onions,UK,Timothy Green,1898,12000000000
Alvis,UK,Nicholas Bailey,1920,69000000000
Arab,UK,Shawn Tran,1926,93000000000
Arash,UK,Randy Smith,2010,61000000000
Argyll,UK,Scott Castillo,1900,17000000000
Ariel,UK,Edward Bauer,2002,20000000000
ARK,UK,Christopher Wilkinson,2023,13000000000
Armstrong Siddeley,UK,Douglas Peterson,1919,58000000000
Ascari,UK,Michael Lowe,1995,18000000000
Ascot-Pullin Motorcycles,UK,Ricky Lawson,1992,69000000000
Asquith Motors,UK,Andrew Rosario,1982,2000000000
Aston Martin,UK,Edward Garcia,1948,99000000000
Atalanta,UK,Timothy Cortez,1937,35000000000
Austin,UK,Jacob Richards,1906,38000000000
Austin-Healey,UK,Christian Fowler,1953,74000000000
Avatar,UK,Antonio Haynes,1994,59000000000
B.S.A.,UK,Michael Benjamin,1907,77000000000
BAC,UK,Jesse Rodriguez,2011,8000000000
Bean Cars,UK,David Mejia,1919,23000000000
Bedford,UK,Tristan Edwards,1984,49000000000
Belsize,UK,Ryan Williams,1901,20000000000
Bentley,UK,Daniel Valdez,1921,7000000000
Berkeley,UK,James Tucker,1956,44000000000
BMC,UK,Brendan Anderson,1949,11000000000
Bond,UK,Joseph Baker,1949,78000000000
Brabham,UK,Daniel Taylor,2018,13000000000
Bristol,UK,Brandon Mitchell,1946,34000000000
BRM,UK,Dominic Taylor,1945,20000000000
Brooke & Company,UK,Mr. Sergio Guerra MD,1902,6000000000
Brooke Cars,UK,David Mathis,1896,48000000000
Brush Traction,UK,Peter Nelson,1923,99000000000
BSA Motorcycles,UK,Bobby Molina,1919,48000000000
Calcott,UK,Mitchell Long,1914,35000000000
Calthorpe,UK,Devon Ford,1904,60000000000
Caparo,UK,Brandon Coleman,1904,22000000000
Carbodies,UK,Charles Crawford,1919,17000000000
Caterham,UK,Justin Vasquez,1974,13000000000
Clyno,UK,Tony Jarvis,1922,22000000000
Coleman Milne,UK,Timothy Robinson,1953,66000000000
Commer,UK,Paul Mcclain,2012,66000000000
Connaught,UK,Christopher Cantu,2019,7000000000
Cooper,UK,Donald Smith,1950,60000000000
Crayford,UK,Dale Schroeder,1943,94000000000
Crossley,UK,Thomas Johnson,1967,38000000000
Daimler,UK,Gregory Ryan,1897,6000000000
David Brown,UK,Mark Glover,2014,50000000000
Dellow,UK,David Watkins,1949,39000000000
Dickinson,UK,Jacob David,1903,79000000000
Eadon Green,UK,Derek Bradley,1914,45000000000
Electromobile (UK),UK,Richard Ellis,1903,2000000000
Elemental,UK,Joshua Taylor,1974,18000000000
Elstar Motorcycles,UK,William Smith,1965,55000000000
Elva,UK,Geoffrey Taylor,1955,62000000000
Engler,UK,Adam Taylor,2017,4000000000
Eterniti,UK,Christopher Garcia,2011,48000000000
Fairthorpe,UK,Jeremy Phillips,1954,86000000000
Farboud,UK,Andrew Herrera,2002,17000000000
Frazer Nash,UK,Paul Williams,1922,29000000000
Frisky,UK,Thomas Curry,1958,81000000000
Gilbern,UK,Donald Solis,1959,84000000000
Ginetta,UK,Grant Simpson,1959,57000000000
Gordon Murray,UK,Dustin Norris,2022,59000000000
Greeves Motorcycles,UK,Justin Colon,1952,14000000000
Grenville,UK,Steven Villanueva,1973,28000000000
GTM,UK,Derek Cuevas,1944,36000000000
H.E. Hall & co.,UK,Jason Monroe,1911,20000000000
Harrods,UK,Mr. Richard Hernandez,1932,28000000000
Healey,UK,Kevin Farrell,1946,34000000000
Hillman,UK,Ernest Maynard,1932,10000000000
HRG,UK,Philip Reed,1935,37000000000
Humber,UK,Jared Christensen,1930,33000000000
Ineos,UK,Travis Roberts MD,1972,18000000000
Invacar,UK,Noah Mckinney,1948,62000000000
Invicta,UK,Lawrence Brown,1925,88000000000
Jaguar,UK,David Shea,1935,2000000000
Jensen,UK,Brent Myers,1936,11000000000
Jowett,UK,Gregory Mccormick,1946,87000000000
Kahn Design,UK,Dr. Tyler Harris,2024,93000000000
Kentucky Camp,UK,David Bradley,1984,34000000000
Kieft,UK,Samuel Adams,1954,67000000000
Knight,UK,Michael Allen,1895,77000000000
Lagonda,UK,Ricky Carpenter,1906,70000000000
Lanchester,UK,Andrew Mccoy,1900,29000000000
Land Rover,UK,Eric Farley,1948,25000000000
LDV,UK,Jerry Olsen,2016,42000000000
Lea-Francis,UK,Thomas Valenzuela,1930,48000000000
Lenham,UK,Travis Short,1962,1000000000
LEVC,UK,Frank Henry,2017,5000000000
Leyland,UK,Michael Castro,1968,75000000000
Lister,UK,Travis Evans,1959,48000000000
Lola,UK,Randall Rose,1969,24000000000
Lomax,UK,Mark Gray,1980,2000000000
Lotus,UK,Matthew Wilson,1956,53000000000
LTI,UK,Edward Sutton,1980,73000000000
Lyonheart,UK,Jacob Wilson,2005,46000000000
M & L,UK,John Robinson,1954,86000000000
Mallock,UK,Jose Anderson,1958,61000000000
Marauder,UK,Thomas Thomas,1950,67000000000
March,UK,James Yates,1969,81000000000
Marcos,UK,Mr. Frank Miller,1964,83000000000
McLaren,UK,Adrian Obrien,1993,59000000000
McMurtry,UK,Scott Warren,2021,74000000000
Merlyn,UK,Cesar Trujillo,1960,60000000000
MG,UK,Ricardo Conrad,1924,40000000000
MINI,UK,Richard Franklin,1969,15000000000
Morgan,UK,John Matthews,1928,36000000000
Morris,UK,Mark Green,1913,84000000000
Mosler,UK,Scott Bennett,2001,2000000000
Murtaya,UK,Shane Moore,1989,92000000000
Naran,UK,Brian Davis,2021,91000000000
Noble,UK,Christian Christian,1999,85000000000
Panther,UK,Craig Sullivan,1972,97000000000
Panther Motorcycles,UK,Frank Wyatt,1900,76000000000
Peel,UK,Robert Ward,1962,30000000000
Pennington,UK,Cory Myers,1895,38000000000
Piper Cars,UK,Adrian Hartman,1919,80000000000
PK,UK,Timothy Ellis,1981,28000000000
Princess,UK,Justin Walsh,2009,51000000000
Prodrive,UK,Paul Richards,2006,57000000000
Radical,UK,Robert Watson,1997,53000000000
Reliant,UK,Mr. Chad Gutierrez Jr.,1946,60000000000
Reynard,UK,Christopher Lee,1973,87000000000
Riley,UK,Keith Singh,1946,93000000000
Riversimple,UK,Cory Rodriguez,1915,1000000000
Rolls-Royce,UK,Eric Nolan,1904,1000000000
Ronart,UK,Gary Melendez,1921,88000000000
Rotrax,UK,Vernon Boyer,1952,26000000000
Rover,UK,William Hill,1929,56000000000
Royal Enfield,UK,Timothy Thompson,1899,89000000000
Royale,UK,Jon Evans,1968,18000000000
RS Motorhomes,UK,Tyler Hess,2024,53000000000
Scott Motorcycle,UK,Kevin Sims,2020,68000000000
Sinclair,UK,Steven Cunningham,1985,38000000000
Singer,UK,Paul Patterson,1905,12000000000
Spectre,UK,Paul Booker,1994,83000000000
Squire,UK,James Henry,1935,50000000000
SS Car,UK,John Campbell,1932,38000000000
Standard,UK,Travis Alexander,1906,17000000000
Star (UK),UK,John Carter,1898,24000000000
Startins,UK,Matthew Wade,1895,19000000000
Sterling,UK,Christopher Olson,1987,2000000000
Sunbeam,UK,Steven Graham,1924,37000000000
Swallow,UK,Timothy Carlson,1935,70000000000
Tiga,UK,Paul Brown,1974,75000000000
Trident,UK,Derek Burns,2014,22000000000
Triumph,UK,Samuel Hayes,1946,42000000000
Trojan,UK,Joshua Mahoney,1960,86000000000
Turner,UK,Francisco Robinson,1951,14000000000
TVR,UK,Michael Butler,1958,67000000000
Ultima,UK,Brandon Lucas,2014,30000000000
Van Diemen,UK,William Mckay,1973,25000000000
Vanden Plas,UK,Michael Parks,1952,69000000000
Vauxhall,UK,Kenneth Collier,1933,33000000000
Velocette,UK,Phillip Klein,1904,64000000000
Vincent Motorcycles,UK,Mark Cook,1930,18000000000
Viritech,UK,Jason Mclean,2023,27000000000
Westfield,UK,Isaac Boyd,2018,79000000000
Williams,UK,Jordan Martin,1977,28000000000
Wolseley,UK,James Williams,1956,14000000000
Zenith Motorcycles,UK,Michael Mueller,2014,8000000000
Zenos,UK,Noah Shields Jr.,2015,52000000000
A.J. Miller,USA,Ricardo Massey,1917,69000000000
AAR,USA,Douglas Newman,1887,77000000000
Abbott-Detroit,USA,Michael Santiago,1909,63000000000
AC Propulsion,USA,Matthew Barnett,1986,59000000000
Acme,USA,Samuel Walker,1941,34000000000
Acura,USA,Tom Heath,1986,98000000000
Adams-Farwell,USA,Dominic Barton,2001,42000000000
AEV,USA,Charles Hurst,1909,61000000000
Aitekx,USA,Richard Blair,2023,37000000000
Ajax,USA,Blake Thomas,2010,4000000000
Aland,USA,Jesse Sutton,1917,8000000000
ALCO,USA,Randy Brown,1909,68000000000
Allen,USA,Ricky Patton,1913,9000000000
Allen Iron & Steel,USA,Juan Day,1913,34000000000
AM General,USA,Charles Moss,1971,17000000000
AMC,USA,Christopher Cruz,1955,2000000000
American,USA,Jordan Castillo,1906,38000000000
American Austin,USA,Robert Hodge,1930,32000000000
American Bantam,USA,Jerome Clark,1938,88000000000
American LaFrance,USA,Kyle Bryant,1907,57000000000
Amigo,USA,Richard Wagner,1968,87000000000
Apocalypse,USA,Jordan Williams,1943,12000000000
Apollo (1962),USA,Mr. Thomas Murray,1919,26000000000
Apperson,USA,Zachary Bailey,1901,44000000000
Arctic Cat,USA,Johnny Stewart,1888,75000000000
Arnolt,USA,Ronald Jackson,1953,7000000000
ASC,USA,David Gonzalez,1965,2000000000
Auburn,USA,Johnny Sanford,1904,69000000000
Autocar,USA,Thomas Clark,1953,1000000000
Avanti,USA,David Gallegos,1980,6000000000
Bailey Electric,USA,Gregory Collins,1908,4000000000
Baker Electric,USA,Daniel Williams,1892,53000000000
Berg,USA,Omar James,1903,21000000000
Biddle,USA,Adam Farmer,1915,12000000000
Bird Motorcycles,USA,Richard Ramos,1917,100000000000
Bollinger,USA,Jason Wilcox,2017,5000000000
Briggs-Detroiter,USA,Christopher Benitez,1912,89000000000
Briscoe,USA,Riley Mcdonald,2003,13000000000
Brush,USA,Ronald Pearson,1907,97000000000
Buick,USA,Travis Kelley,1910,49000000000
Cadillac,USA,Todd Hayes,1902,13000000000
Callaway,USA,Mark Torres,1977,98000000000
CANAM,USA,Tracy Bennett,2020,15000000000
Cartercar,USA,Jonathan Martin,1895,21000000000
Chalmers,USA,Erik Copeland,1911,16000000000
Chalmers-Detroit,USA,Dr. Alexander Snyder,1908,52000000000
Chandler,USA,Bradley Jenkins,1893,52000000000
Checker,USA,Dustin Vaughan,1922,6000000000
Cheetah,USA,Darrell Turner,1963,97000000000
Chevrolet,USA,Barry Matthews,1912,82000000000
Christie,USA,Robert Kaufman,2004,40000000000
Chrysler,USA,Tyler Miller,1926,83000000000
Clénet,USA,Thomas Mcclure,1976,63000000000
Cleveland,USA,Todd Duncan,1932,45000000000
Clipper,USA,David Schneider,1956,69000000000
CMC,USA,James Hartman,1978,55000000000
Coda,USA,Glenn Garcia,2012,16000000000
Cole,USA,Ryan Osborn,1909,98000000000
Columbia,USA,Brandon Coffey,1975,9000000000
Compound,USA,Stephen Robinson,1929,91000000000
Conquest Vehicles,USA,Daniel Serrano,2008,22000000000
Corbin,USA,Donald Johnson,2015,45000000000
Cord,USA,Steven Figueroa,1929,15000000000
Covert,USA,Mario Price,1951,59000000000
Crosley,USA,Kyle Pierce,1939,50000000000
Crouch,USA,Robert Thompson,1894,39000000000
Cunningham,USA,Nathan Contreras,1910,27000000000
Cushman,USA,Matthew Nash,1902,45000000000
Czinger,USA,James Perkins,2020,72000000000
DeLorean,USA,Michael Paul,1981,39000000000
DeSoto,USA,Jonathan Moore,1929,12000000000
Detroit Electric,USA,Jaime Paul,1907,24000000000
Devon,USA,Joseph Roman,2009,7000000000
Diamond T,USA,Jay Perez,1905,42000000000
Dinan,USA,Timothy Myers,1979,58000000000
Dodge,USA,Austin Campbell,1914,34000000000
Dorris,USA,James Kelly,1906,88000000000
Dragon,USA,Riley Lee,1906,37000000000
Drako,USA,Henry Smith,2020,99000000000
Duesenberg,USA,Jason Brown,1921,67000000000
duPont,USA,Paul Harrison,1927,20000000000
Durant,USA,Mark Rodriguez,1963,66000000000
Duryea,USA,Keith Mccall,1901,5000000000
Duryea Power,USA,Brandon Burton,1929,4000000000
Eagle,USA,Edward Mercado,1988,2000000000
Edsel,USA,Thomas Torres,1958,32000000000
Eldredge,USA,Thomas Jackson,1903,2000000000
Elmore,USA,Todd Mcdonald,1951,66000000000
Erskine,USA,Zachary Mercer,1927,90000000000
Essex,USA,David Washington,1918,29000000000
Excalibur,USA,Benjamin Smith,1965,11000000000
Falcon,USA,Albert Fisher,1968,50000000000
Faraday Future,USA,John Vasquez,2016,92000000000
Fargo,USA,George Hamilton,1928,31000000000
Federal Coach,USA,Paul Williams,1979,38000000000
Fisker,USA,Joseph Marshall,2011,88000000000
Flint,USA,Joseph Miller,1923,45000000000
Flying Merkel,USA,Tanner Hernandez,1909,17000000000
Ford,USA,Zachary Santana DDS,1903,14000000000
Ford Trucks,USA,Ryan Martinez,1908,34000000000
Fordson,USA,Zachary Mack,1917,17000000000
Fox,USA,Justin Anderson,1921,36000000000
Franklin,USA,David Reynolds,1902,37000000000
Frazer,USA,Brandon Daniels,1947,97000000000
Fredonia,USA,Brandon Miller,1902,65000000000
Freightliner,USA,Peter Booth,1942,19000000000
Galpin,USA,Jason Campbell,1946,95000000000
GEM,USA,Juan Morales,1992,34000000000
General Motors,USA,Dakota Coleman,1908,95000000000
Geo,USA,David Hughes,1989,76000000000
GMC,USA,Edward Williams,1912,38000000000
Graham-Paige,USA,Christopher Huerta,1928,2000000000
Grant,USA,Bryan Hunt,1913,100000000000
Grech RV,USA,David Hooper,2001,72000000000
Griffith,USA,Kenneth Carey MD,1963,23000000000
Grout,USA,Jeffrey White,1981,18000000000
Grumman,USA,Gary Sanders,1987,48000000000
Hardman,USA,Michael Golden,1935,73000000000
Harvard,USA,Richard Davis,1915,30000000000
Haynes-Apperson,USA,William Tran,1960,2000000000
Hennessey,USA,Ronald Collins,2012,68000000000
Henney,USA,John Flowers,1954,13000000000
Henry J,USA,Stanley Franklin,1951,56000000000
HM Vehicles,USA,Lee Bell,1979,35000000000
Holsman,USA,Stephen Hall,1902,38000000000
Hudson,USA,Richard Wright,1910,76000000000
Hummer,USA,Mike Walker,1992,61000000000
Hupmobile,USA,Dr. Adam Flores,1909,26000000000
Hyperion,USA,Shawn Smith,2022,37000000000
Imperial,USA,Michael Berger PhD,1955,44000000000
INDI,USA,Christopher Wang,2022,85000000000
Inter-State,USA,Kevin Gates,1909,63000000000
International Harvester,USA,Jacob Barrett,1902,27000000000
Jeep,USA,Joseph Wilson,1948,97000000000
Jeffery,USA,Daniel Walker,1936,53000000000
Jordan,USA,Daniel Holmes,1962,65000000000
Jurassic Truck,USA,Jose Barry,1996,67000000000
Kaiser,USA,Michael Logan,1949,79000000000
Karma,USA,Michael Johnson,1945,85000000000
Kellison,USA,Brandon Jackson,1957,40000000000
Kissel,USA,Jason Adams,1906,33000000000
Knox,USA,James Lewis,2006,87000000000
Krastin,USA,Edward Myers,1901,26000000000
LaFayette,USA,Manuel Berry,1938,41000000000
Laffite,USA,Dustin Neal,2020,41000000000
LaSalle,USA,Randy Mccormick,1935,28000000000
Lincoln,USA,Charles Bennett,1917,71000000000
Local Motors,USA,Stephen Davis,2009,55000000000
Locomobile,USA,Jeremy Noble,1982,55000000000
Lucid Motors,USA,Jacob Compton,2018,79000000000
Luxor,USA,Larry Le,1924,32000000000
Manta,USA,James Brady,1974,5000000000
Marmon,USA,Paul Mathews,1902,48000000000
Marquette,USA,John Carr,1929,71000000000
Maxton,USA,Eric Peters,1992,72000000000
Maxwell,USA,Zachary Davis,2020,83000000000
Mercer,USA,Adam Washington,1910,29000000000
Mercury,USA,Austin Miller,1939,4000000000
Meteor (US),USA,Aaron Bates,1915,32000000000
Metz,USA,Mark Smith MD,2000,23000000000
Miles,USA,Richard Myers,2004,71000000000
Mobility Ventures,USA,Mr. Jesse Howard,1929,44000000000
Moon,USA,Kevin Hurst,1917,49000000000
Napier,USA,Douglas Williams,1993,90000000000
Nash,USA,Michael Davis,1926,57000000000
National,USA,Christopher Henderson,1900,18000000000
Northern,USA,Ryan Mclean,1918,33000000000
Oakland,USA,Austin Pierce,2002,59000000000
Oldsmobile,USA,Christian Mills,1901,27000000000
Overland,USA,Jack Barker,1942,74000000000
Packard,USA,Gregory Mcdaniel,1899,79000000000
Paige,USA,Joseph Weber,1908,11000000000
Palomino RV,USA,Miguel Flores,1968,99000000000
Panoz,USA,Mr. Jason Jones,1997,12000000000
Peerless,USA,Sean Weiss,1911,87000000000
Phelps Motor Vehicle,USA,Alexander Ruiz,1936,84000000000
Phillips,USA,Darren Gardner,1980,43000000000
Pierce Manufacturing,USA,Michael Singleton,1913,59000000000
Pierce-Arrow,USA,Thomas Jimenez,1904,85000000000
Plymouth,USA,Billy Hamilton,1930,40000000000
Polaris,USA,Mr. David Rodriguez,2013,48000000000
Pontiac,USA,Joshua David,1926,21000000000
Pope,USA,David Baker,1890,45000000000
Pope-Hartford,USA,Keith Sanchez,1909,87000000000
Pope-Toledo,USA,Christian Pope,1904,85000000000
RAM,USA,William Nielsen,2010,79000000000
Rambler,USA,Christopher Gomez,1957,64000000000
Rauch & Lang,USA,Kevin Flores,1905,19000000000
Razor,USA,James Key,2000,17000000000
Regal,USA,Mr. Bruce Woods,1907,71000000000
RENNtech,USA,Peter Schneider,2017,82000000000
REO,USA,Richard Scott,1927,38000000000
Rezvani,USA,Michael Pearson,2015,66000000000
Rivian,USA,Evan Johnson,1935,67000000000
Rockne,USA,George Wallace,1932,35000000000
Roosevelt,USA,Jose Perez,1929,75000000000
Rossion,USA,Jason Ramos,1946,64000000000
Roush,USA,Todd Evans,1995,57000000000
Royal,USA,Anthony Washington,2004,65000000000
RTR,USA,Anthony Duncan,2010,87000000000
Rugby,USA,Richard Long,1923,4000000000
Saleen,USA,David Cooper,1996,2000000000
Sandusky Automobile,USA,Todd Espinoza,1902,38000000000
Saturn,USA,Jason Hunter,1991,23000000000
Scion,USA,Douglas Chambers,2004,40000000000
Scuderia Cameron Glickenhaus,USA,Daniel Lopez,2017,44000000000
Sebring-Vanguard,USA,William Foster,1964,51000000000
Sector111,USA,Ronald Benjamin,1926,24000000000
Shelby,USA,John Edwards,1964,91000000000
SILCCO,USA,John Snyder,1977,95000000000
Simplex,USA,Joseph Vega,1907,50000000000
Solectria,USA,Michael Dennis,1995,52000000000
Speedwell,USA,Steven Levy,1910,8000000000
SRT,USA,John Guerrero,2013,79000000000
SSC,USA,Christopher Wolfe DDS,2006,56000000000
Stanley,USA,Martin Miles,1897,60000000000
Star,USA,Andrew Martin,1995,72000000000
Stearns-Knight,USA,Andre Bailey,1912,41000000000
Sterling Trucks,USA,John Wood,1997,34000000000
Stevens-Duryea,USA,John Rivera,1905,75000000000
Studebaker,USA,Jose Williams,1918,9000000000
Stutz,USA,Steven Brown,1911,82000000000
SVE,USA,Mr. Michael Cooper,1992,14000000000
Tedson,USA,Francisco Walters,1942,18000000000
Terraplane,USA,Christian Valdez,1932,29000000000
Tesla,USA,Evan Duncan,2008,40000000000
The Detroit Eletric,USA,Robert Smith,1907,21000000000
Think,USA,Jose Chen,1908,42000000000
Thomas,USA,Michael Rodriguez,1903,80000000000
Trion,USA,James Garcia,1946,53000000000
Tucker,USA,Jack Gardner,2000,79000000000
Valiant,USA,Philip Obrien,1960,24000000000
Vanderhall,USA,Spencer Lawson,1954,74000000000
Vector Motors,USA,Kevin Shaffer,1990,1000000000
Vento,USA,Kenneth Bates,1979,85000000000
Viking,USA,Erik Davis,1929,11000000000
VLF,USA,Joseph Miller,2016,32000000000
Whippet,USA,Douglas Velazquez,1926,81000000000
Willys,USA,Steven Daniel,1933,23000000000
Willys-Knight,USA,Randy Perez,1914,71000000000
Winnebago,USA,Ricky Thomas Jr.,1958,21000000000
Winton,USA,Troy Escobar,2014,49000000000
Yale,USA,Christian Robinson,1916,60000000000
ZAP,USA,Joshua Chase,1905,38000000000
Zimmer,USA,William Brown,1992,83000000000
Zoe,USA,Christopher Nguyen,1967,49000000000
Ravon,Uzbekistan,Bruce Tyler,2015,29000000000
VinFast,Vietnam,James Bryant,2018,22000000000
